{"epoch_accuracy (%)":0.8073,"_wandb":{"runtime":6104},"loss":0.5248782634735107,"_timestamp":1.7328483612424881e+09,"_runtime":6104.940102,"_step":4956,"accuracy (%)":0.8073,"epoch_loss":0.5740175884246826}