{"RuleTriggered": 10, "Violations": 10, "Details": {"algo-1": {"cpu": {"p25": 9.453125, "p50": 12.745, "p75": 16.619375, "p95": 35.685625, "upper": 27.368750000000006, "lower": 0.5}, "gpu0": {"p25": 0.0, "p50": 0.0, "p75": 0.0, "p95": 17.0, "upper": 0.0, "lower": 0.0}, "gpu0_memory": {"p25": 0.0, "p50": 0.0, "p75": 0.0, "p95": 0.0, "upper": 0.0, "lower": 0.0}}, "last_timestamp": 1626788220000000}, "Datapoints": 2091, "RuleParameters": "cpu_threshold_p95:70\ngpu_threshold_p95:70\ngpu_memory_threshold_p95:70\npatience:1000\nwindow:500"}