{"RuleTriggered": 0, "Violations": 0, "Details": {"pin_memory": false, "num_workers": 0, "cores": 8, "dataloaders": 1, "dataloading_time": {"p25": 4.3482675, "p50": 4.3679755, "p95": 4.48177555, "probs": [1, 0, 0, 0, 0, 0, 0, 0, 0, 0, 0, 0, 0, 0, 0, 0, 0, 0, 0, 0, 0, 0, 0, 0, 0, 0, 0, 0, 0, 0, 0, 0, 0, 0, 0, 0, 0, 0, 0, 0, 0, 0, 0, 0, 0, 0, 0, 0, 0, 0, 0, 0, 0, 0, 0, 0, 0, 0, 0, 0, 0, 0, 0, 0, 0, 0, 0, 0, 0, 0, 0, 0, 0, 0, 0, 0, 0, 0, 0, 0, 0, 0, 0, 0, 0, 0, 0, 0, 0, 0, 0, 2, 1, 2, 0, 0, 2, 1, 0, 1], "binedges": [2.550208, 2.56973923, 2.58927046, 2.60880169, 2.62833292, 2.64786415, 2.66739538, 2.68692661, 2.70645784, 2.7259890700000002, 2.7455203, 2.76505153, 2.78458276, 2.8041139900000003, 2.82364522, 2.84317645, 2.86270768, 2.88223891, 2.90177014, 2.92130137, 2.9408326000000002, 2.96036383, 2.97989506, 2.99942629, 3.01895752, 3.03848875, 3.05801998, 3.07755121, 3.09708244, 3.11661367, 3.1361449, 3.15567613, 3.17520736, 3.19473859, 3.21426982, 3.2338010500000003, 3.25333228, 3.27286351, 3.2923947399999998, 3.31192597, 3.3314572, 3.35098843, 3.3705196600000003, 3.39005089, 3.40958212, 3.42911335, 3.44864458, 3.46817581, 3.48770704, 3.50723827, 3.5267695, 3.54630073, 3.56583196, 3.58536319, 3.60489442, 3.62442565, 3.64395688, 3.6634881100000003, 3.68301934, 3.70255057, 3.7220817999999998, 3.74161303, 3.76114426, 3.78067549, 3.8002067200000003, 3.81973795, 3.83926918, 3.8588004099999997, 3.87833164, 3.89786287, 3.9173941, 3.9369253300000002, 3.9564565600000003, 3.97598779, 3.99551902, 4.01505025, 4.03458148, 4.05411271, 4.07364394, 4.09317517, 4.1127064, 4.1322376300000006, 4.15176886, 4.17130009, 4.19083132, 4.21036255, 4.22989378, 4.2494250099999995, 4.26895624, 4.28848747, 4.3080187, 4.32754993, 4.34708116, 4.36661239, 4.38614362, 4.4056748500000005, 4.425206080000001, 4.44473731, 4.46426854, 4.48379977, 4.503331]}}, "Datapoints": 10, "RuleParameters": "min_threshold:70\nmax_threshold:200"}