{"RuleTriggered": 0, "Violations": 237, "Details": {"low_gpu_utilization": 1965, "bottlenecks": {"1626788255.459258": {"GPUs": 1, "CPUs": 1}, "1626788255.959275": {"GPUs": 1, "CPUs": 1}, "1626788259.459101": {"GPUs": 1, "CPUs": 2}, "1626788259.959229": {"GPUs": 1, "CPUs": 2}, "1626788276.459237": {"GPUs": 1, "CPUs": 1}, "1626788276.959205": {"GPUs": 1, "CPUs": 1}, "1626788277.459208": {"GPUs": 1, "CPUs": 1}, "1626788277.959204": {"GPUs": 1, "CPUs": 1}, "1626788278.459203": {"GPUs": 1, "CPUs": 1}, "1626788278.959202": {"GPUs": 1, "CPUs": 1}, "1626788279.459187": {"GPUs": 1, "CPUs": 2}, "1626788279.959199": {"GPUs": 1, "CPUs": 2}, "1626788280.45922": {"GPUs": 1, "CPUs": 2}, "1626788280.959202": {"GPUs": 1, "CPUs": 2}, "1626788281.459227": {"GPUs": 1, "CPUs": 1}, "1626788281.959236": {"GPUs": 1, "CPUs": 1}, "1626788282.459225": {"GPUs": 1, "CPUs": 3}, "1626788282.959227": {"GPUs": 1, "CPUs": 3}, "1626788283.459257": {"GPUs": 1, "CPUs": 1}, "1626788283.959216": {"GPUs": 1, "CPUs": 1}, "1626788284.459185": {"GPUs": 1, "CPUs": 2}, "1626788284.959195": {"GPUs": 1, "CPUs": 2}, "1626788285.459249": {"GPUs": 1, "CPUs": 2}, "1626788285.959204": {"GPUs": 1, "CPUs": 1}, "1626788286.459204": {"GPUs": 1, "CPUs": 1}, "1626788312.959228": {"GPUs": 1, "CPUs": 1}, "1626788313.459248": {"GPUs": 1, "CPUs": 1}, "1626788313.959212": {"GPUs": 1, "CPUs": 1}, "1626788314.459188": {"GPUs": 1, "CPUs": 1}, "1626788314.959198": {"GPUs": 1, "CPUs": 2}, "1626788315.459245": {"GPUs": 1, "CPUs": 2}, "1626788315.959209": {"GPUs": 1, "CPUs": 2}, "1626788318.45924": {"GPUs": 1, "CPUs": 1}, "1626788321.959201": {"GPUs": 1, "CPUs": 1}, "1626788323.459216": {"GPUs": 1, "CPUs": 3}, "1626788323.959203": {"GPUs": 1, "CPUs": 4}, "1626788324.459179": {"GPUs": 1, "CPUs": 4}, "1626788324.959199": {"GPUs": 1, "CPUs": 4}, "1626788325.459209": {"GPUs": 1, "CPUs": 5}, "1626788325.959211": {"GPUs": 1, "CPUs": 5}, "1626788326.45921": {"GPUs": 1, "CPUs": 5}, "1626788327.459235": {"GPUs": 1, "CPUs": 1}, "1626788328.459222": {"GPUs": 1, "CPUs": 2}, "1626788328.959217": {"GPUs": 1, "CPUs": 2}, "1626788329.45921": {"GPUs": 1, "CPUs": 3}, "1626788329.959232": {"GPUs": 1, "CPUs": 2}, "1626788330.459214": {"GPUs": 1, "CPUs": 2}, "1626788330.959181": {"GPUs": 1, "CPUs": 3}, "1626788331.459247": {"GPUs": 1, "CPUs": 2}, "1626788331.959251": {"GPUs": 1, "CPUs": 2}, "1626788332.459221": {"GPUs": 1, "CPUs": 3}, "1626788332.959191": {"GPUs": 1, "CPUs": 4}, "1626788333.459229": {"GPUs": 1, "CPUs": 4}, "1626788333.95921": {"GPUs": 1, "CPUs": 3}, "1626788334.459186": {"GPUs": 1, "CPUs": 3}, "1626788334.959206": {"GPUs": 1, "CPUs": 3}, "1626788335.459209": {"GPUs": 1, "CPUs": 3}, "1626788335.959192": {"GPUs": 1, "CPUs": 3}, "1626788336.45926": {"GPUs": 1, "CPUs": 2}, "1626788336.959219": {"GPUs": 1, "CPUs": 1}, "1626788337.459195": {"GPUs": 1, "CPUs": 1}, "1626788337.959228": {"GPUs": 1, "CPUs": 3}, "1626788338.459218": {"GPUs": 1, "CPUs": 2}, "1626788338.959241": {"GPUs": 1, "CPUs": 2}, "1626788339.459222": {"GPUs": 1, "CPUs": 2}, "1626788362.459179": {"GPUs": 1, "CPUs": 2}, "1626788362.959264": {"GPUs": 1, "CPUs": 1}, "1626788363.459243": {"GPUs": 1, "CPUs": 1}, "1626788363.9592": {"GPUs": 1, "CPUs": 1}, "1626788364.459217": {"GPUs": 1, "CPUs": 1}, "1626788364.959203": {"GPUs": 1, "CPUs": 1}, "1626788365.459202": {"GPUs": 1, "CPUs": 2}, "1626788365.959207": {"GPUs": 1, "CPUs": 2}, "1626788366.459211": {"GPUs": 1, "CPUs": 2}, "1626788366.9592": {"GPUs": 1, "CPUs": 2}, "1626788367.459278": {"GPUs": 1, "CPUs": 2}, "1626788367.959289": {"GPUs": 1, "CPUs": 2}, "1626788368.459229": {"GPUs": 1, "CPUs": 2}, "1626788368.959266": {"GPUs": 1, "CPUs": 2}, "1626788369.459284": {"GPUs": 1, "CPUs": 2}, "1626788369.959225": {"GPUs": 1, "CPUs": 2}, "1626788370.459283": {"GPUs": 1, "CPUs": 2}, "1626788370.959215": {"GPUs": 1, "CPUs": 1}, "1626788371.459208": {"GPUs": 1, "CPUs": 1}, "1626788371.959208": {"GPUs": 1, "CPUs": 2}, "1626788372.459212": {"GPUs": 1, "CPUs": 2}, "1626788372.959223": {"GPUs": 1, "CPUs": 2}, "1626788373.45919": {"GPUs": 1, "CPUs": 1}, "1626788373.959202": {"GPUs": 1, "CPUs": 1}, "1626788374.459199": {"GPUs": 1, "CPUs": 1}, "1626788374.959239": {"GPUs": 1, "CPUs": 1}, "1626788375.459332": {"GPUs": 1, "CPUs": 1}, "1626788375.959226": {"GPUs": 1, "CPUs": 1}, "1626788376.459279": {"GPUs": 1, "CPUs": 1}, "1626788376.959237": {"GPUs": 1, "CPUs": 1}, "1626788377.459211": {"GPUs": 1, "CPUs": 1}, "1626788377.959182": {"GPUs": 1, "CPUs": 1}, "1626788378.459228": {"GPUs": 1, "CPUs": 1}, "1626788378.959207": {"GPUs": 1, "CPUs": 1}, "1626788379.459207": {"GPUs": 1, "CPUs": 1}, "1626788379.959202": {"GPUs": 1, "CPUs": 1}, "1626788380.459216": {"GPUs": 1, "CPUs": 1}, "1626788380.959208": {"GPUs": 1, "CPUs": 1}, "1626788381.459182": {"GPUs": 1, "CPUs": 1}, "1626788381.959224": {"GPUs": 1, "CPUs": 1}, "1626788382.459215": {"GPUs": 1, "CPUs": 1}, "1626788382.959199": {"GPUs": 1, "CPUs": 1}, "1626788383.459159": {"GPUs": 1, "CPUs": 1}, "1626788383.959224": {"GPUs": 1, "CPUs": 1}, "1626788384.4592": {"GPUs": 1, "CPUs": 1}, "1626788384.959208": {"GPUs": 1, "CPUs": 1}, "1626788385.459199": {"GPUs": 1, "CPUs": 3}, "1626788385.959298": {"GPUs": 1, "CPUs": 3}, "1626788386.459208": {"GPUs": 1, "CPUs": 2}, "1626788386.959236": {"GPUs": 1, "CPUs": 2}, "1626788387.459211": {"GPUs": 1, "CPUs": 2}, "1626788387.959182": {"GPUs": 1, "CPUs": 2}, "1626788388.459224": {"GPUs": 1, "CPUs": 2}, "1626788388.959207": {"GPUs": 1, "CPUs": 2}, "1626788389.459202": {"GPUs": 1, "CPUs": 1}, "1626788389.959205": {"GPUs": 1, "CPUs": 1}, "1626788395.959223": {"GPUs": 1, "CPUs": 1}, "1626788396.459286": {"GPUs": 1, "CPUs": 2}, "1626788396.959222": {"GPUs": 1, "CPUs": 2}, "1626788397.459212": {"GPUs": 1, "CPUs": 2}, "1626788397.959186": {"GPUs": 1, "CPUs": 2}, "1626788398.459231": {"GPUs": 1, "CPUs": 2}, "1626788398.959209": {"GPUs": 1, "CPUs": 1}, "1626788411.959211": {"GPUs": 1, "CPUs": 1}, "1626788412.459213": {"GPUs": 1, "CPUs": 2}, "1626788412.95927": {"GPUs": 1, "CPUs": 2}, "1626788413.45926": {"GPUs": 1, "CPUs": 2}, "1626788413.959128": {"GPUs": 1, "CPUs": 2}, "1626788414.459177": {"GPUs": 1, "CPUs": 2}, "1626788414.959203": {"GPUs": 1, "CPUs": 2}, "1626788415.459212": {"GPUs": 1, "CPUs": 2}, "1626788415.959219": {"GPUs": 1, "CPUs": 2}, "1626788420.459121": {"GPUs": 1, "CPUs": 3}, "1626788420.959185": {"GPUs": 1, "CPUs": 3}, "1626788421.459231": {"GPUs": 1, "CPUs": 2}, "1626788421.959211": {"GPUs": 1, "CPUs": 2}, "1626788422.45921": {"GPUs": 1, "CPUs": 2}, "1626788422.959232": {"GPUs": 1, "CPUs": 2}, "1626788423.459258": {"GPUs": 1, "CPUs": 2}, "1626788423.959208": {"GPUs": 1, "CPUs": 2}, "1626788424.45918": {"GPUs": 1, "CPUs": 2}, "1626788424.9592": {"GPUs": 1, "CPUs": 2}, "1626788425.459197": {"GPUs": 1, "CPUs": 2}, "1626788425.959249": {"GPUs": 1, "CPUs": 2}, "1626788435.959211": {"GPUs": 1, "CPUs": 2}, "1626788436.459212": {"GPUs": 1, "CPUs": 2}, "1626788436.959205": {"GPUs": 1, "CPUs": 2}, "1626788437.45928": {"GPUs": 1, "CPUs": 2}, "1626788437.959236": {"GPUs": 1, "CPUs": 2}, "1626788438.459261": {"GPUs": 1, "CPUs": 2}, "1626788438.959214": {"GPUs": 1, "CPUs": 2}, "1626788439.459265": {"GPUs": 1, "CPUs": 1}, "1626788439.959226": {"GPUs": 1, "CPUs": 2}, "1626788440.459264": {"GPUs": 1, "CPUs": 3}, "1626788440.95922": {"GPUs": 1, "CPUs": 3}, "1626788441.459202": {"GPUs": 1, "CPUs": 2}, "1626788441.959206": {"GPUs": 1, "CPUs": 2}, "1626788445.9592": {"GPUs": 1, "CPUs": 1}, "1626788459.959113": {"GPUs": 1, "CPUs": 1}, "1626788460.459251": {"GPUs": 1, "CPUs": 1}, "1626788465.459229": {"GPUs": 1, "CPUs": 1}, "1626788465.959209": {"GPUs": 1, "CPUs": 3}, "1626788466.459204": {"GPUs": 1, "CPUs": 3}, "1626788466.959198": {"GPUs": 1, "CPUs": 2}, "1626788467.45918": {"GPUs": 1, "CPUs": 3}, "1626788467.959198": {"GPUs": 1, "CPUs": 3}, "1626788468.459296": {"GPUs": 1, "CPUs": 3}, "1626788468.95924": {"GPUs": 1, "CPUs": 3}, "1626788469.459213": {"GPUs": 1, "CPUs": 2}, "1626788469.959198": {"GPUs": 1, "CPUs": 3}, "1626788470.459203": {"GPUs": 1, "CPUs": 2},