{"RuleTriggered": 0, "Violations": 0, "Details": {"step_num": {"first": 1626788529766034, "last": 1626789299702931}, "job_start": 1626788254.459079, "job_end": 1626789299.959452}, "Datapoints": 51, "RuleParameters": "threshold:20"}