{"RuleTriggered": 0, "Violations": 0, "Details": {"ratio": {"gpu_functions-dev:0": 50.34124883394892, "cpu_functions": 49.65875116605108}, "phase": {"Step:ModeKeys.TRAIN": 145.5203282552339, "others": -45.54600817194411, "Step:ModeKeys.EVAL": 0.025679916710222326}, "phase_time": {}, "CPU": {"aten::conv2d": 11.40573117694347, "aten::convolution": 11.398026387858124, "aten::_convolution": 11.391472069196972, "aten::cudnn_convolution": 11.381531556364335, "aten::item": 2.6555802350200137, "enumerate(DataLoader)#_SingleProcessDataLoaderIter.__next__": 44.825351150781216, "aten::lt": 3.339289828567678, "aten::eq": 3.603017595268173}, "CPU_total": {"aten::conv2d": 11192874, "aten::convolution": 11185313, "aten::_convolution": 11178881, "aten::cudnn_convolution": 11169126, "aten::item": 2606021, "enumerate(DataLoader)#_SingleProcessDataLoaderIter.__next__": 43988807, "aten::lt": 3276971, "aten::eq": 3535777}, "GPU": {"aten::conv2d": 11.996557191500713, "aten::convolution": 11.992394374538168, "aten::_convolution": 11.98840407422333, "aten::cudnn_convolution": 11.982567748310963, "aten::item": 2.5361165551322182, "enumerate(DataLoader)#_SingleProcessDataLoaderIter.__next__": 42.874810009950025, "aten::lt": 3.1886378703437788, "aten::eq": 3.440512176000822}, "GPU_total": {"aten::conv2d": 12308323, "aten::convolution": 12304052, "aten::_convolution": 12299958, "aten::cudnn_convolution": 12293970, "aten::item": 2602025, "enumerate(DataLoader)#_SingleProcessDataLoaderIter.__next__": 43989038, "aten::lt": 3271504, "aten::eq": 3529924}, "general": {"DataLoaderIterInitialize": 0.001960277654336804, "DataLoaderIter": 3.896846251717384, "Forward": 96.10119347062827}}, "Datapoints": 0, "RuleParameters": ""}